set_name	sample_id
fusarium_3dai	bmr12_fus_dry_3_a
fusarium_3dai	bmr12_fus_dry_3_b
fusarium_3dai	bmr12_fus_dry_3_c
fusarium_3dai	bmr12_fus_dry_3_d
fusarium_3dai	bmr12_fus_wet_3_a
fusarium_3dai	bmr12_fus_wet_3_b
fusarium_3dai	bmr12_fus_wet_3_c
fusarium_3dai	bmr12_fus_wet_3_d
fusarium_3dai	bmr6_fus_dry_3_a
fusarium_3dai	bmr6_fus_dry_3_b
fusarium_3dai	bmr6_fus_dry_3_c
fusarium_3dai	bmr6_fus_dry_3_d
fusarium_3dai	bmr6_fus_wet_3_a
fusarium_3dai	bmr6_fus_wet_3_b
fusarium_3dai	bmr6_fus_wet_3_c
fusarium_3dai	bmr6_fus_wet_3_d
fusarium_3dai	wt_fus_dry_3_a
fusarium_3dai	wt_fus_dry_3_b
fusarium_3dai	wt_fus_dry_3_c
fusarium_3dai	wt_fus_dry_3_d
fusarium_3dai	wt_fus_wet_3_a
fusarium_3dai	wt_fus_wet_3_b
fusarium_3dai	wt_fus_wet_3_c
fusarium_3dai	wt_fus_wet_3_d
background_3dai	bmr12_pdb_dry_3_a
background_3dai	bmr12_pdb_dry_3_b
background_3dai	bmr12_pdb_dry_3_c
background_3dai	bmr12_pdb_dry_3_d
background_3dai	bmr12_pdb_wet_3_a
background_3dai	bmr12_pdb_wet_3_b
background_3dai	bmr12_pdb_wet_3_c
background_3dai	bmr12_pdb_wet_3_d
background_3dai	bmr6_pdb_dry_3_a
background_3dai	bmr6_pdb_dry_3_b
background_3dai	bmr6_pdb_dry_3_c
background_3dai	bmr6_pdb_dry_3_d
background_3dai	bmr6_pdb_wet_3_d
background_3dai	wt_pdb_dry_3_a
background_3dai	wt_pdb_dry_3_b
background_3dai	wt_pdb_dry_3_c
background_3dai	wt_pdb_dry_3_d
background_3dai	wt_pdb_wet_3_a
background_3dai	wt_pdb_wet_3_b
background_3dai	wt_pdb_wet_3_c
background_3dai	wt_pdb_wet_3_d
mapping_3dai	bmr12_fus_dry_3_a
mapping_3dai	bmr12_fus_dry_3_b
mapping_3dai	bmr12_fus_dry_3_c
mapping_3dai	bmr12_fus_dry_3_d
mapping_3dai	bmr12_fus_wet_3_a
mapping_3dai	bmr12_fus_wet_3_b
mapping_3dai	bmr12_fus_wet_3_c
mapping_3dai	bmr12_fus_wet_3_d
mapping_3dai	bmr6_fus_dry_3_a
mapping_3dai	bmr6_fus_dry_3_b
mapping_3dai	bmr6_fus_dry_3_c
mapping_3dai	bmr6_fus_dry_3_d
mapping_3dai	bmr6_fus_wet_3_a
mapping_3dai	bmr6_fus_wet_3_b
mapping_3dai	bmr6_fus_wet_3_c
mapping_3dai	bmr6_fus_wet_3_d
mapping_3dai	wt_fus_dry_3_a
mapping_3dai	wt_fus_dry_3_b
mapping_3dai	wt_fus_dry_3_c
mapping_3dai	wt_fus_dry_3_d
mapping_3dai	wt_fus_wet_3_a
mapping_3dai	wt_fus_wet_3_b
mapping_3dai	wt_fus_wet_3_c
mapping_3dai	wt_fus_wet_3_d
mapping_3dai	bmr12_pdb_dry_3_a
mapping_3dai	bmr12_pdb_dry_3_b
mapping_3dai	bmr12_pdb_dry_3_c
mapping_3dai	bmr12_pdb_dry_3_d
mapping_3dai	bmr12_pdb_wet_3_a
mapping_3dai	bmr12_pdb_wet_3_b
mapping_3dai	bmr12_pdb_wet_3_c
mapping_3dai	bmr12_pdb_wet_3_d
mapping_3dai	bmr6_pdb_dry_3_a
mapping_3dai	bmr6_pdb_dry_3_b
mapping_3dai	bmr6_pdb_dry_3_c
mapping_3dai	bmr6_pdb_dry_3_d
mapping_3dai	bmr6_pdb_wet_3_d
mapping_3dai	wt_pdb_dry_3_a
mapping_3dai	wt_pdb_dry_3_b
mapping_3dai	wt_pdb_dry_3_c
mapping_3dai	wt_pdb_dry_3_d
mapping_3dai	wt_pdb_wet_3_a
mapping_3dai	wt_pdb_wet_3_b
mapping_3dai	wt_pdb_wet_3_c
mapping_3dai	wt_pdb_wet_3_d
context_13dai	bmr12_fus_dry_13_a
context_13dai	bmr12_fus_dry_13_b
context_13dai	bmr12_fus_dry_13_c
context_13dai	bmr12_fus_dry_13_d
context_13dai	bmr12_fus_wet_13_a
context_13dai	bmr12_fus_wet_13_c
context_13dai	bmr12_fus_wet_13_d
context_13dai	wt_fus_dry_13_a
context_13dai	wt_fus_dry_13_b
context_13dai	wt_fus_dry_13_c
context_13dai	wt_fus_dry_13_d
context_13dai	wt_fus_wet_13_a
context_13dai	wt_fus_wet_13_b
context_13dai	wt_fus_wet_13_c
context_13dai	wt_fus_wet_13_d
context_13dai	bmr12_pdb_dry_13_a
context_13dai	bmr12_pdb_dry_13_b
context_13dai	bmr12_pdb_dry_13_c
context_13dai	bmr12_pdb_wet_13_a
context_13dai	bmr12_pdb_wet_13_b
context_13dai	bmr12_pdb_wet_13_c
context_13dai	bmr12_pdb_wet_13_d
context_13dai	wt_pdb_dry_13_a
context_13dai	wt_pdb_dry_13_c
context_13dai	wt_pdb_dry_13_d
context_13dai	wt_pdb_wet_13_a
context_13dai	wt_pdb_wet_13_b
context_13dai	wt_pdb_wet_13_c
context_13dai	wt_pdb_wet_13_d
host_3dai	bmr6_pdb_wet_a
host_3dai	bmr6_pdb_wet_b
host_3dai	bmr6_pdb_wet_c
host_3dai	bmr12_fus_dry_3_a
host_3dai	bmr12_fus_dry_3_b
host_3dai	bmr12_fus_dry_3_c
host_3dai	bmr12_fus_dry_3_d
host_3dai	bmr12_fus_wet_3_a
host_3dai	bmr12_fus_wet_3_b
host_3dai	bmr12_fus_wet_3_c
host_3dai	bmr12_fus_wet_3_d
host_3dai	bmr6_fus_dry_3_a
host_3dai	bmr6_fus_dry_3_b
host_3dai	bmr6_fus_dry_3_c
host_3dai	bmr6_fus_dry_3_d
host_3dai	bmr6_fus_wet_3_a
host_3dai	bmr6_fus_wet_3_b
host_3dai	bmr6_fus_wet_3_c
host_3dai	bmr6_fus_wet_3_d
host_3dai	wt_fus_dry_3_a
host_3dai	wt_fus_dry_3_b
host_3dai	wt_fus_dry_3_c
host_3dai	wt_fus_dry_3_d
host_3dai	wt_fus_wet_3_a
host_3dai	wt_fus_wet_3_b
host_3dai	wt_fus_wet_3_c
host_3dai	wt_fus_wet_3_d
host_3dai	bmr12_pdb_dry_3_a
host_3dai	bmr12_pdb_dry_3_b
host_3dai	bmr12_pdb_dry_3_c
host_3dai	bmr12_pdb_dry_3_d
host_3dai	bmr12_pdb_wet_3_a
host_3dai	bmr12_pdb_wet_3_b
host_3dai	bmr12_pdb_wet_3_c
host_3dai	bmr12_pdb_wet_3_d
host_3dai	bmr6_pdb_dry_3_a
host_3dai	bmr6_pdb_dry_3_b
host_3dai	bmr6_pdb_dry_3_c
host_3dai	bmr6_pdb_dry_3_d
host_3dai	bmr6_pdb_wet_3_d
host_3dai	wt_pdb_dry_3_a
host_3dai	wt_pdb_dry_3_b
host_3dai	wt_pdb_dry_3_c
host_3dai	wt_pdb_dry_3_d
host_3dai	wt_pdb_wet_3_a
host_3dai	wt_pdb_wet_3_b
host_3dai	wt_pdb_wet_3_c
host_3dai	wt_pdb_wet_3_d
macrophomina_3dai	bmr12_macro_dry_3_a
macrophomina_3dai	bmr12_macro_dry_3_b
macrophomina_3dai	bmr12_macro_dry_3_c
macrophomina_3dai	bmr12_macro_dry_3_d
macrophomina_3dai	bmr12_macro_wet_3_a
macrophomina_3dai	bmr12_macro_wet_3_b
macrophomina_3dai	bmr12_macro_wet_3_c
macrophomina_3dai	bmr12_macro_wet_3_d
macrophomina_3dai	bmr6_macro_dry_3_a
macrophomina_3dai	bmr6_macro_dry_3_b
macrophomina_3dai	bmr6_macro_dry_3_c
macrophomina_3dai	bmr6_macro_dry_3_d
macrophomina_3dai	bmr6_macro_wet_3_a
macrophomina_3dai	bmr6_macro_wet_3_b
macrophomina_3dai	bmr6_macro_wet_3_c
macrophomina_3dai	bmr6_macro_wet_3_d
macrophomina_3dai	wt_macro_dry_3_a
macrophomina_3dai	wt_macro_dry_3_b
macrophomina_3dai	wt_macro_dry_3_c
macrophomina_3dai	wt_macro_dry_3_d
macrophomina_3dai	wt_macro_wet_3_a
macrophomina_3dai	wt_macro_wet_3_b
macrophomina_3dai	wt_macro_wet_3_c
macrophomina_3dai	wt_macro_wet_3_d
macrophomina_mapping_3dai	bmr12_macro_dry_3_a
macrophomina_mapping_3dai	bmr12_macro_dry_3_b
macrophomina_mapping_3dai	bmr12_macro_dry_3_c
macrophomina_mapping_3dai	bmr12_macro_dry_3_d
macrophomina_mapping_3dai	bmr12_macro_wet_3_a
macrophomina_mapping_3dai	bmr12_macro_wet_3_b
macrophomina_mapping_3dai	bmr12_macro_wet_3_c
macrophomina_mapping_3dai	bmr12_macro_wet_3_d
macrophomina_mapping_3dai	bmr6_macro_dry_3_a
macrophomina_mapping_3dai	bmr6_macro_dry_3_b
macrophomina_mapping_3dai	bmr6_macro_dry_3_c
macrophomina_mapping_3dai	bmr6_macro_dry_3_d
macrophomina_mapping_3dai	bmr6_macro_wet_3_a
macrophomina_mapping_3dai	bmr6_macro_wet_3_b
macrophomina_mapping_3dai	bmr6_macro_wet_3_c
macrophomina_mapping_3dai	bmr6_macro_wet_3_d
macrophomina_mapping_3dai	wt_macro_dry_3_a
macrophomina_mapping_3dai	wt_macro_dry_3_b
macrophomina_mapping_3dai	wt_macro_dry_3_c
macrophomina_mapping_3dai	wt_macro_dry_3_d
macrophomina_mapping_3dai	wt_macro_wet_3_a
macrophomina_mapping_3dai	wt_macro_wet_3_b
macrophomina_mapping_3dai	wt_macro_wet_3_c
macrophomina_mapping_3dai	wt_macro_wet_3_d
macrophomina_mapping_3dai	bmr12_pdb_dry_3_a
macrophomina_mapping_3dai	bmr12_pdb_dry_3_b
macrophomina_mapping_3dai	bmr12_pdb_dry_3_c
macrophomina_mapping_3dai	bmr12_pdb_dry_3_d
macrophomina_mapping_3dai	bmr12_pdb_wet_3_a
macrophomina_mapping_3dai	bmr12_pdb_wet_3_b
macrophomina_mapping_3dai	bmr12_pdb_wet_3_c
macrophomina_mapping_3dai	bmr12_pdb_wet_3_d
macrophomina_mapping_3dai	bmr6_pdb_dry_3_a
macrophomina_mapping_3dai	bmr6_pdb_dry_3_b
macrophomina_mapping_3dai	bmr6_pdb_dry_3_c
macrophomina_mapping_3dai	bmr6_pdb_dry_3_d
macrophomina_mapping_3dai	bmr6_pdb_wet_3_d
macrophomina_mapping_3dai	wt_pdb_dry_3_a
macrophomina_mapping_3dai	wt_pdb_dry_3_b
macrophomina_mapping_3dai	wt_pdb_dry_3_c
macrophomina_mapping_3dai	wt_pdb_dry_3_d
macrophomina_mapping_3dai	wt_pdb_wet_3_a
macrophomina_mapping_3dai	wt_pdb_wet_3_b
macrophomina_mapping_3dai	wt_pdb_wet_3_c
macrophomina_mapping_3dai	wt_pdb_wet_3_d
