sample_id	canonical_sample_id	timepoint_basis	genotype	pathogen	water	dai	replicate	sequencing_run	run_accession	fastq_url	fastq_md5	expected_reads	expected_bytes	ena_sample_accession	ena_experiment_accession	lesion_mm	av_moist	rin	frag_length	stdev	iaa	iaa_asp	ja	opda	aba	sa	ga19	ga53	wb_benzoic_acid	wb_isovanillin	wb_4hydroxybenzoic_acid	wb_syringaldehyde	wb_vanillic_acid	wb_syringic_acid	wb_4_coumaric_acid	wb_ferulic_acid	sol_benzoic_acid	sol_4hydroxybenzaldehyde	sol_malic_acid	sol_isovanillin	sol_hydroxybenzoic_acid	sol_syringaldehyde	sol_vanillic_acid	sol_citric_acid	sol_syringic_acid	sol_4coumaric_acid	sol_ferulic_acid	sol_sinapic_acid
bmr6_pdb_wet_a	bmr6_pdb_wet_3_a	inferred_from_published_notebook	bmr6	pdb	wet	3	a	1	SRR10175948	https://ftp.sra.ebi.ac.uk/vol1/fastq/SRR101/048/SRR10175948/SRR10175948.fastq.gz	d02dd4f9a8733eaeb6be0d5320f90f9b	5527036	223344220	SAMN12832880	SRX6897421	23	25.48181818	6.2	175	61																												
bmr6_pdb_wet_b	bmr6_pdb_wet_3_b	inferred_from_published_notebook	bmr6	pdb	wet	3	b	1	SRR10175947	https://ftp.sra.ebi.ac.uk/vol1/fastq/SRR101/047/SRR10175947/SRR10175947.fastq.gz	74cb9261ac8d842c0782c3854a34d3d3	3306263	137243906	SAMN12832881	SRX6897422	2	26.20714286	6.5	172	70																												
bmr6_pdb_wet_c	bmr6_pdb_wet_3_c	inferred_from_published_notebook	bmr6	pdb	wet	3	c	1	SRR10175946	https://ftp.sra.ebi.ac.uk/vol1/fastq/SRR101/046/SRR10175946/SRR10175946.fastq.gz	62b537a14cc2f4651b1879c843e5b875	4724381	195937816	SAMN12832882	SRX6897423	5	25.78636364	7.1	201	60																												
bmr12_fus_dry_0_a	bmr12_fus_dry_0_a	reported	bmr12	fus	dry	0	a	3	SRR10176047	https://ftp.sra.ebi.ac.uk/vol1/fastq/SRR101/047/SRR10176047/SRR10176047.fastq.gz	6fdba5c8d3d5fd538efa39d6765a274b	6633877	272146076	SAMN12832808	SRX6897322	2	9.630769231	7	146	79																												
bmr12_fus_dry_0_b	bmr12_fus_dry_0_b	reported	bmr12	fus	dry	0	b	3	SRR10176046	https://ftp.sra.ebi.ac.uk/vol1/fastq/SRR101/046/SRR10176046/SRR10176046.fastq.gz	e87039abe35318635e48ab2ff0981b43	7294020	294211428	SAMN12832809	SRX6897323	2	10.58888889	7	180	74																												
bmr12_fus_wet_0_a	bmr12_fus_wet_0_a	reported	bmr12	fus	wet	0	a	3	SRR10176045	https://ftp.sra.ebi.ac.uk/vol1/fastq/SRR101/045/SRR10176045/SRR10176045.fastq.gz	3d76abc08096a42872d82ee498db658f	4932638	201218783	SAMN12832818	SRX6897324	2	25	7.6	122	61																												
bmr12_fus_wet_0_b	bmr12_fus_wet_0_b	reported	bmr12	fus	wet	0	b	3	SRR10176034	https://ftp.sra.ebi.ac.uk/vol1/fastq/SRR101/034/SRR10176034/SRR10176034.fastq.gz	4261cbf8f1d725f1994a60234bf86f58	4308702	172473177	SAMN12832819	SRX6897335	2	30.9	8.4	126	71																												
wt_fus_dry_0_a	wt_fus_dry_0_a	reported	wt	fus	dry	0	a	3	SRR10175945	https://ftp.sra.ebi.ac.uk/vol1/fastq/SRR101/045/SRR10175945/SRR10175945.fastq.gz	d7062a49a64a5c6efd0563c06ccba4e2	5510313	222743413	SAMN12832883	SRX6897424	2	8.088888889	7.3	124	54																												
wt_fus_dry_0_b	wt_fus_dry_0_b	reported	wt	fus	dry	0	b	3	SRR10175944	https://ftp.sra.ebi.ac.uk/vol1/fastq/SRR101/044/SRR10175944/SRR10175944.fastq.gz	571a7d7e0b6d91d82445c9b7cd53e216	4291358	171926227	SAMN12832884	SRX6897425	2	15.9	7	121	59																												
wt_fus_wet_0_a	wt_fus_wet_0_a	reported	wt	fus	wet	0	a	3	SRR10175934	https://ftp.sra.ebi.ac.uk/vol1/fastq/SRR101/034/SRR10175934/SRR10175934.fastq.gz	5d0f72e4da148f33c3c9071d0af5967b	5833697	234723747	SAMN12832893	SRX6897435	2	23.62941176	7	141	58																												
wt_fus_wet_0_b	wt_fus_wet_0_b	reported	wt	fus	wet	0	b	3	SRR10175933	https://ftp.sra.ebi.ac.uk/vol1/fastq/SRR101/033/SRR10175933/SRR10175933.fastq.gz	dffddef33576772b4923e1e238e45c2f	5030886	202799443	SAMN12832894	SRX6897436	2	27.63333333	6.5	139	60																												
bmr12_pdb_dry_0_a	bmr12_pdb_dry_0_a	reported	bmr12	pdb	dry	0	a	3	SRR10175998	https://ftp.sra.ebi.ac.uk/vol1/fastq/SRR101/098/SRR10175998/SRR10175998.fastq.gz	512271e28dfd8300d193e1fa25cde7d1	5611597	231787649	SAMN12832835	SRX6897371	2	9.6	7	144	69																												
bmr12_pdb_dry_0_b	bmr12_pdb_dry_0_b	reported	bmr12	pdb	dry	0	b	3	SRR10175997	https://ftp.sra.ebi.ac.uk/vol1/fastq/SRR101/097/SRR10175997/SRR10175997.fastq.gz	c424185b549cc78e46c990eb3f9af4ec	6432081	265788605	SAMN12832836	SRX6897372	2	7.992307692	7.3	175	80																												
bmr12_pdb_wet_0_a	bmr12_pdb_wet_0_a	reported	bmr12	pdb	wet	0	a	3	SRR10175988	https://ftp.sra.ebi.ac.uk/vol1/fastq/SRR101/088/SRR10175988/SRR10175988.fastq.gz	30d28515def2420bfe4dff15e0e67d3e	5172028	211187784	SAMN12832844	SRX6897381	2	23.08571429	6.2	144	75																												
bmr12_pdb_wet_0_b	bmr12_pdb_wet_0_b	reported	bmr12	pdb	wet	0	b	3	SRR10175987	https://ftp.sra.ebi.ac.uk/vol1/fastq/SRR101/087/SRR10175987/SRR10175987.fastq.gz	6f9d4597fe03080b0a19ba7841a10ba1	6144385	249584344	SAMN12832845	SRX6897382	2	10.35555556	7.4	147	79																												
wt_pdb_dry_0_a	wt_pdb_dry_0_a	reported	wt	pdb	dry	0	a	3	SRR10176041	https://ftp.sra.ebi.ac.uk/vol1/fastq/SRR101/041/SRR10176041/SRR10176041.fastq.gz	1bb9d6922addcc91600ac39c56f8c969	4878791	196789028	SAMN12832911	SRX6897328	2	6.792307692	7.1	121	79																												
wt_pdb_dry_0_b	wt_pdb_dry_0_b	reported	wt	pdb	dry	0	b	3	SRR10176040	https://ftp.sra.ebi.ac.uk/vol1/fastq/SRR101/040/SRR10176040/SRR10176040.fastq.gz	bc0299e38ad83b02901b5291e3ca834a	4594243	186013434	SAMN12832912	SRX6897329	2	4.5	7.2	123	67																												
wt_pdb_wet_0_a	wt_pdb_wet_0_a	reported	wt	pdb	wet	0	a	3	SRR10176028	https://ftp.sra.ebi.ac.uk/vol1/fastq/SRR101/028/SRR10176028/SRR10176028.fastq.gz	9a650aaba287039e02e3c8f56ca75b04	5926268	235607369	SAMN12832923	SRX6897341	2	27.8	8.2	114	49																												
wt_pdb_wet_0_b	wt_pdb_wet_0_b	reported	wt	pdb	wet	0	b	3	SRR10176027	https://ftp.sra.ebi.ac.uk/vol1/fastq/SRR101/027/SRR10176027/SRR10176027.fastq.gz	3dc632984a3ef67fb9c302327bdeeeee	5595029	224106533	SAMN12832924	SRX6897342	2	28.3	7	122	65																												
bmr12_fus_dry_13_a	bmr12_fus_dry_13_a	reported	bmr12	fus	dry	13	a	3	SRR10176006	https://ftp.sra.ebi.ac.uk/vol1/fastq/SRR101/006/SRR10176006/SRR10176006.fastq.gz	8df3aac2c7a43a8804b3ce1d6fc1be73	5542633	226182133	SAMN12832810	SRX6897363	43	8.819230769	8.9	120	84																												
bmr12_fus_dry_13_b	bmr12_fus_dry_13_b	reported	bmr12	fus	dry	13	b	3	SRR10175995	https://ftp.sra.ebi.ac.uk/vol1/fastq/SRR101/095/SRR10175995/SRR10175995.fastq.gz	907d2836ea6ef532eef2fc91977e00b7	6017696	244440156	SAMN12832811	SRX6897374	73	25.32272727	7.8	120	66																												
bmr12_fus_dry_13_c	bmr12_fus_dry_13_c	reported	bmr12	fus	dry	13	c	3	SRR10175984	https://ftp.sra.ebi.ac.uk/vol1/fastq/SRR101/084/SRR10175984/SRR10175984.fastq.gz	be09b54ad24c71bd5e65e84d2a18b526	3171747	129028294	SAMN12832812	SRX6897385	48	25.87222222	8.1	147	83																												
bmr12_fus_dry_13_d	bmr12_fus_dry_13_d	reported	bmr12	fus	dry	13	d	3	SRR10175973	https://ftp.sra.ebi.ac.uk/vol1/fastq/SRR101/073/SRR10175973/SRR10175973.fastq.gz	11ef655b6bb0ff62c21d7d7d2275faf3	5614917	223970815	SAMN12832813	SRX6897396	128	6.866666667	7.5	119	50																												
bmr12_fus_wet_13_a	bmr12_fus_wet_13_a	reported	bmr12	fus	wet	13	a	3	SRR10176023	https://ftp.sra.ebi.ac.uk/vol1/fastq/SRR101/023/SRR10176023/SRR10176023.fastq.gz	8facc8bd6fc490996e70b5467ffcee7a	5400788	211183982	SAMN12832820	SRX6897346	113	23.10769231	6.6	116	43																												
bmr12_fus_wet_13_c	bmr12_fus_wet_13_c	reported	bmr12	fus	wet	13	c	3	SRR10176013	https://ftp.sra.ebi.ac.uk/vol1/fastq/SRR101/013/SRR10176013/SRR10176013.fastq.gz	54b512759f0208471776fdf6aae9b4fa	5453916	219988944	SAMN12832821	SRX6897356	94	25.55	7.3	127	62																												
bmr12_fus_wet_13_d	bmr12_fus_wet_13_d	reported	bmr12	fus	wet	13	d	3	SRR10176012	https://ftp.sra.ebi.ac.uk/vol1/fastq/SRR101/012/SRR10176012/SRR10176012.fastq.gz	eb77ace7689cc91f5d298b557ba0b237	5163900	203217889	SAMN12832822	SRX6897357	75	28.83333333	8.2	105	38																												
wt_fus_dry_13_a	wt_fus_dry_13_a	reported	wt	fus	dry	13	a	3	SRR10175943	https://ftp.sra.ebi.ac.uk/vol1/fastq/SRR101/043/SRR10175943/SRR10175943.fastq.gz	dc6e423f974ec3169d0231fa41eeed96	4806731	196638113	SAMN12832885	SRX6897426	45	12.25384615	7.8	140	92																												
wt_fus_dry_13_b	wt_fus_dry_13_b	reported	wt	fus	dry	13	b	3	SRR10175942	https://ftp.sra.ebi.ac.uk/vol1/fastq/SRR101/042/SRR10175942/SRR10175942.fastq.gz	e846b6c1eb44c5bb8e7357a6009e8647	5709342	232728707	SAMN12832886	SRX6897427	40	18.47142857	7.9	128	78																												
wt_fus_dry_13_c	wt_fus_dry_13_c	reported	wt	fus	dry	13	c	3	SRR10175941	https://ftp.sra.ebi.ac.uk/vol1/fastq/SRR101/041/SRR10175941/SRR10175941.fastq.gz	803ae75eb49362bd458f834a5abbdf22	5474866	219725642	SAMN12832887	SRX6897428	61	7.483333333	7.8	119	57																												
wt_fus_dry_13_d	wt_fus_dry_13_d	reported	wt	fus	dry	13	d	3	SRR10175939	https://ftp.sra.ebi.ac.uk/vol1/fastq/SRR101/039/SRR10175939/SRR10175939.fastq.gz	8a4fe910d14894d8bf372a3a3504feb5	5876205	235032518	SAMN12832888	SRX6897430	146	11.4	8.2	121	63																												
wt_fus_wet_13_a	wt_fus_wet_13_a	reported	wt	fus	wet	13	a	3	SRR10175932	https://ftp.sra.ebi.ac.uk/vol1/fastq/SRR101/032/SRR10175932/SRR10175932.fastq.gz	611f71fc98df6b978c92eceb0daaec30	5075032	211668190	SAMN12832895	SRX6897437	79	24.72307692	8	148	101																												
wt_fus_wet_13_b	wt_fus_wet_13_b	reported	wt	fus	wet	13	b	3	SRR10175931	https://ftp.sra.ebi.ac.uk/vol1/fastq/SRR101/031/SRR10175931/SRR10175931.fastq.gz	51014285d020488ccdfc838a58c036a0	5384766	220598797	SAMN12832896	SRX6897438	52	23.72916667	7.2	145	81																												
wt_fus_wet_13_c	wt_fus_wet_13_c	reported	wt	fus	wet	13	c	3	SRR10175930	https://ftp.sra.ebi.ac.uk/vol1/fastq/SRR101/030/SRR10175930/SRR10175930.fastq.gz	301d0caa1d672147eac60a77d5b78461	5296248	212910243	SAMN12832897	SRX6897439	95	20.38333333	7.6	138	64																												
wt_fus_wet_13_d	wt_fus_wet_13_d	reported	wt	fus	wet	13	d	3	SRR10175928	https://ftp.sra.ebi.ac.uk/vol1/fastq/SRR101/028/SRR10175928/SRR10175928.fastq.gz	4e0be5cf10d41c89f77f5a92bd579bef	5478039	218626091	SAMN12832898	SRX6897441	508	28.3	8.4	125	66																												
bmr12_pdb_dry_13_a	bmr12_pdb_dry_13_a	reported	bmr12	pdb	dry	13	a	3	SRR10175996	https://ftp.sra.ebi.ac.uk/vol1/fastq/SRR101/096/SRR10175996/SRR10175996.fastq.gz	a321e325a99d4413bcf57a6d0398abcc	6162371	255494534	SAMN12832837	SRX6897373	19	12.25384615	7.9	177	97																												
bmr12_pdb_dry_13_b	bmr12_pdb_dry_13_b	reported	bmr12	pdb	dry	13	b	3	SRR10175994	https://ftp.sra.ebi.ac.uk/vol1/fastq/SRR101/094/SRR10175994/SRR10175994.fastq.gz	01a20879f234063ea869ed67fbf3a2f2	5241424	213370720	SAMN12832838	SRX6897375	17	25.7625	7.7	119	51																												
bmr12_pdb_dry_13_c	bmr12_pdb_dry_13_c	reported	bmr12	pdb	dry	13	c	3	SRR10175993	https://ftp.sra.ebi.ac.uk/vol1/fastq/SRR101/093/SRR10175993/SRR10175993.fastq.gz	4e1503ab164a7fd48916437982c72a6a	5897138	235312494	SAMN12832839	SRX6897376	47	7.05	6.4	119	46																												
bmr12_pdb_wet_13_a	bmr12_pdb_wet_13_a	reported	bmr12	pdb	wet	13	a	3	SRR10175986	https://ftp.sra.ebi.ac.uk/vol1/fastq/SRR101/086/SRR10175986/SRR10175986.fastq.gz	29df610d9c1a5a289ddf675aae10ec27	5168362	210639784	SAMN12832846	SRX6897383	13	23.62941176	6.5	121	86																												
bmr12_pdb_wet_13_b	bmr12_pdb_wet_13_b	reported	bmr12	pdb	wet	13	b	3	SRR10175985	https://ftp.sra.ebi.ac.uk/vol1/fastq/SRR101/085/SRR10175985/SRR10175985.fastq.gz	e4e25ffcaccc62f269fcf33ccb923777	5767418	233308411	SAMN12832847	SRX6897384	20	24.9483871	6.3	116	60																												
bmr12_pdb_wet_13_c	bmr12_pdb_wet_13_c	reported	bmr12	pdb	wet	13	c	3	SRR10175983	https://ftp.sra.ebi.ac.uk/vol1/fastq/SRR101/083/SRR10175983/SRR10175983.fastq.gz	cf8eef90a9ca6f37fd7eedfc50f68249	5844447	233978789	SAMN12832848	SRX6897386	18	24.82380952	6.1	126	51																												
bmr12_pdb_wet_13_d	bmr12_pdb_wet_13_d	reported	bmr12	pdb	wet	13	d	3	SRR10175982	https://ftp.sra.ebi.ac.uk/vol1/fastq/SRR101/082/SRR10175982/SRR10175982.fastq.gz	0b889eda59a7e68f4e16e58096f3b11d	4811921	192035738	SAMN12832849	SRX6897387	18	27.66666667	7.7	120	52																												
wt_pdb_dry_13_a	wt_pdb_dry_13_a	reported	wt	pdb	dry	13	a	3	SRR10176039	https://ftp.sra.ebi.ac.uk/vol1/fastq/SRR101/039/SRR10176039/SRR10176039.fastq.gz	a79bc620efd78e2f25cb292bad3c3549	6194611	252881589	SAMN12832913	SRX6897330	27	18.92857143	7.8	107	94																												
wt_pdb_dry_13_c	wt_pdb_dry_13_c	reported	wt	pdb	dry	13	c	3	SRR10176038	https://ftp.sra.ebi.ac.uk/vol1/fastq/SRR101/038/SRR10176038/SRR10176038.fastq.gz	025a31c58d5bd176a919db1ffd398d5e	5528699	221007817	SAMN12832914	SRX6897331	22	8.933333333	6.5	103	47																												
wt_pdb_dry_13_d	wt_pdb_dry_13_d	reported	wt	pdb	dry	13	d	3	SRR10176037	https://ftp.sra.ebi.ac.uk/vol1/fastq/SRR101/037/SRR10176037/SRR10176037.fastq.gz	14e905d0150ed65061a8415dc4a446db	3635737	146196367	SAMN12832915	SRX6897332	28	7.1	6.9	90	48																												
wt_pdb_wet_13_a	wt_pdb_wet_13_a	reported	wt	pdb	wet	13	a	3	SRR10176026	https://ftp.sra.ebi.ac.uk/vol1/fastq/SRR101/026/SRR10176026/SRR10176026.fastq.gz	40c3c3fa86e65ea911b9f97f32fa5d94	6233649	250559302	SAMN12832925	SRX6897343	17	22.41764706	6.9	122	71																												
wt_pdb_wet_13_b	wt_pdb_wet_13_b	reported	wt	pdb	wet	13	b	3	SRR10176025	https://ftp.sra.ebi.ac.uk/vol1/fastq/SRR101/025/SRR10176025/SRR10176025.fastq.gz	8c0655527ce92c7bd256b546e0819ef5	5406633	219548619	SAMN12832926	SRX6897344	54	21.86818182	6	126	62																												
wt_pdb_wet_13_c	wt_pdb_wet_13_c	reported	wt	pdb	wet	13	c	3	SRR10176024	https://ftp.sra.ebi.ac.uk/vol1/fastq/SRR101/024/SRR10176024/SRR10176024.fastq.gz	4a90e742c6d0e09634d0911b293a4f5d	5861951	233343052	SAMN12832927	SRX6897345	16	24.05	7.5	126	53																												
wt_pdb_wet_13_d	wt_pdb_wet_13_d	reported	wt	pdb	wet	13	d	3	SRR10176022	https://ftp.sra.ebi.ac.uk/vol1/fastq/SRR101/022/SRR10176022/SRR10176022.fastq.gz	839b785892425c58898ac5a1f7936326	2387123	95225513	SAMN12832928	SRX6897347	16	28.9	7.7	116	77																												
bmr12_fus_dry_3_a	bmr12_fus_dry_3_a	reported	bmr12	fus	dry	3	a	1	SRR10175962	https://ftp.sra.ebi.ac.uk/vol1/fastq/SRR101/062/SRR10175962/SRR10175962.fastq.gz	3ec0d5304585996337d51476f719ee89	4424865	180214022	SAMN12832814	SRX6897407	58	9.986363636	7.6	186	92																												
bmr12_fus_dry_3_b	bmr12_fus_dry_3_b	reported	bmr12	fus	dry	3	b	1	SRR10175951	https://ftp.sra.ebi.ac.uk/vol1/fastq/SRR101/051/SRR10175951/SRR10175951.fastq.gz	3f6db63436c0c8b25c09080a952e5324	5196066	213761880	SAMN12832815	SRX6897418	22	9.146153846	4.5	195	54	9	0.67		1.21	4.1		16.22	2.39	6.780127252	7.527099095	5.316397504	5.401188938	5.71055416	5.01900306	10.29131533	9.306313894	8.462967166	8.37024498	11.53114987	9.742404541	9.15283588	8.827419901	9.428681353	11.76009788	7.543352356	11.59682359	10.32118378	8.525887234
bmr12_fus_dry_3_c	bmr12_fus_dry_3_c	reported	bmr12	fus	dry	3	c	1	SRR10175940	https://ftp.sra.ebi.ac.uk/vol1/fastq/SRR101/040/SRR10175940/SRR10175940.fastq.gz	5a87020a58097e29412de4c97b9deaa2	4653086	193485931	SAMN12832816	SRX6897429	52	7.107407407	8.3	180	57	2.95	0.48	3.13	13.84	79.97	10.07	3.52		6.6593264659999996	7.518677264	5.217654314	5.349043618	5.840927172	4.706276769	10.31760321	9.470952994	8.233372892	8.148575873	8.987899085	8.420062247	9.144154969	7.752762935	9.058994448	10.19824217	7.172340977	11.25870348	10.46760785	8.915148254
bmr12_fus_dry_3_d	bmr12_fus_dry_3_d	reported	bmr12	fus	dry	3	d	1	SRR10175929	https://ftp.sra.ebi.ac.uk/vol1/fastq/SRR101/029/SRR10175929/SRR10175929.fastq.gz	e0fd4a28e7b87e3821b758826f65e1d6	5915148	239215294	SAMN12832817	SRX6897440	23	8.2	8	190	91	6.96	0.99	1.2	7.12	7.16	12.69	17.13	2.13	6.82511294	7.54483136	5.306921471	5.278579941	5.926247908	4.835683498	10.0334354	9.251795263	8.597166324	7.787206426	8.981939749	8.723729062	9.042816291	7.631055825	9.191845521	10.86423907	7.23404241	10.82199427	10.12807504	8.637880787
bmr12_fus_wet_3_a	bmr12_fus_wet_3_a	reported	bmr12	fus	wet	3	a	1	SRR10176011	https://ftp.sra.ebi.ac.uk/vol1/fastq/SRR101/011/SRR10176011/SRR10176011.fastq.gz	5bcab2f31221d8f02d178932ae873a69	5093865	208055306	SAMN12832823	SRX6897358	25	22.1	7	186	37	6.11	2.98	2.23	24.21	9.53		12.31		6.633579842	7.645568295	5.272773003	5.280948058	5.778879534	4.887184576	10.38309055	9.288961674	8.277915612	8.041949343	9.689054364	8.564060217	9.26753814	7.624709474	9.423509503	11.35671892	7.359372993	11.36527232	10.30294497	8.705753474
bmr12_fus_wet_3_b	bmr12_fus_wet_3_b	reported	bmr12	fus	wet	3	b	1	SRR10176010	https://ftp.sra.ebi.ac.uk/vol1/fastq/SRR101/010/SRR10176010/SRR10176010.fastq.gz	a08966c17942b389171b379d9dbee114	4906718	201537215	SAMN12832824	SRX6897359	25	25.53	7.4	183	71	7.75	0.57	2.63	13.08	12.39		30.65	4.03	6.679997818	7.693980659	5.072796143	5.288117879	5.834951617	4.737364404	10.15230574	9.363196361	7.905327098	8.034393594	11.46299625	9.828140733	9.002764216	8.662534647	9.515056225	10.98971308	7.54094288	11.06334643	10.3313695	9.006146078
bmr12_fus_wet_3_c	bmr12_fus_wet_3_c	reported	bmr12	fus	wet	3	c	1	SRR10176009	https://ftp.sra.ebi.ac.uk/vol1/fastq/SRR101/009/SRR10176009/SRR10176009.fastq.gz	1df2427b92cfe741c457610262d18933	4533171	183259220	SAMN12832825	SRX6897360	34	23.02962963	7.5	170	62	4.61		1.39	18.14	15.33	14.36	5.47		6.662079548	7.641740887	5.455267925	5.405474513	5.903285534	5.10826032	10.92596859	10.26412293	8.081908418	8.574495012	8.856042245	9.026948373	9.257885555	8.206584314	9.438439871	9.500643408	7.466798119	11.74227582	10.52948389	9.296120009
bmr12_fus_wet_3_d	bmr12_fus_wet_3_d	reported	bmr12	fus	wet	3	d	1	SRR10176008	https://ftp.sra.ebi.ac.uk/vol1/fastq/SRR101/008/SRR10176008/SRR10176008.fastq.gz	c4671bf356e937049afe3bb8e105d531	5134848	208438620	SAMN12832826	SRX6897361	37	20.82608696	8.9	196	91	7.08		4.48	32.33	5.02	28.12	11.53	0.85	6.664804294	7.806703854	5.460184688	5.440324955	5.87832065	5.263131538	10.55244091	9.646368215	8.158941083	7.601910898	10.3767608	8.930186679	9.155274294	8.710485235	9.611168848	11.30990745	8.315024846	11.94338858	10.34681143	8.216798195
bmr6_fus_dry_3_a	bmr6_fus_dry_3_a	reported	bmr6	fus	dry	3	a	1	SRR10175975	https://ftp.sra.ebi.ac.uk/vol1/fastq/SRR101/075/SRR10175975/SRR10175975.fastq.gz	45f761a4d9f97a9a0a56eba7025bdd83	4150035	172169843	SAMN12832856	SRX6897394	27	13.46818182	8.2	193	100																												
bmr6_fus_dry_3_b	bmr6_fus_dry_3_b	reported	bmr6	fus	dry	3	b	1	SRR10175974	https://ftp.sra.ebi.ac.uk/vol1/fastq/SRR101/074/SRR10175974/SRR10175974.fastq.gz	6d40f820d8ea8e50f3990e54a1698acf	5071875	206702689	SAMN12832857	SRX6897395	23	15.34814815	5.5	171	84																												
bmr6_fus_dry_3_c	bmr6_fus_dry_3_c	reported	bmr6	fus	dry	3	c	1	SRR10175972	https://ftp.sra.ebi.ac.uk/vol1/fastq/SRR101/072/SRR10175972/SRR10175972.fastq.gz	9b10c067f900c0f6fb473d65ac062449	4375858	175618367	SAMN12832858	SRX6897397	30	5.95	7	168	57																												
bmr6_fus_dry_3_d	bmr6_fus_dry_3_d	reported	bmr6	fus	dry	3	d	1	SRR10175971	https://ftp.sra.ebi.ac.uk/vol1/fastq/SRR101/071/SRR10175971/SRR10175971.fastq.gz	aa3952467e333f5beda0ad8dcb7bd740	5782630	238567065	SAMN12832859	SRX6897398	20	6.442857143	8.1	193	100																												
bmr6_fus_wet_3_a	bmr6_fus_wet_3_a	reported	bmr6	fus	wet	3	a	1	SRR10175970	https://ftp.sra.ebi.ac.uk/vol1/fastq/SRR101/070/SRR10175970/SRR10175970.fastq.gz	f25fe2979be00d66d45227ed028be2a6	5356595	215835349	SAMN12832860	SRX6897399	26	26.455	7	178	73																												
bmr6_fus_wet_3_b	bmr6_fus_wet_3_b	reported	bmr6	fus	wet	3	b	1	SRR10175969	https://ftp.sra.ebi.ac.uk/vol1/fastq/SRR101/069/SRR10175969/SRR10175969.fastq.gz	9e8e57ce2325ee7880d3183871cc9e1f	4585427	188451831	SAMN12832861	SRX6897400	18	24.39259259	6.8	172	82																												
bmr6_fus_wet_3_c	bmr6_fus_wet_3_c	reported	bmr6	fus	wet	3	c	1	SRR10175968	https://ftp.sra.ebi.ac.uk/vol1/fastq/SRR101/068/SRR10175968/SRR10175968.fastq.gz	3a3c758462d8744b54ef85ac7f5314a9	4963528	200027579	SAMN12832862	SRX6897401	29	25.83214286	7.6	179	89																												
bmr6_fus_wet_3_d	bmr6_fus_wet_3_d	reported	bmr6	fus	wet	3	d	1	SRR10175967	https://ftp.sra.ebi.ac.uk/vol1/fastq/SRR101/067/SRR10175967/SRR10175967.fastq.gz	76cf9bc6c96dc0c5ee971d276de58b03	4495704	179613264	SAMN12832863	SRX6897402	15	29.9	8	184	86																												
wt_fus_dry_3_a	wt_fus_dry_3_a	reported	wt	fus	dry	3	a	1	SRR10175938	https://ftp.sra.ebi.ac.uk/vol1/fastq/SRR101/038/SRR10175938/SRR10175938.fastq.gz	0d9bd798561760385d1aac1d63812707	4318448	175435963	SAMN12832889	SRX6897431	37	11.45909091	6.5	175	70	22.11		0.37	124.81	6	8.27	4.07	0.62	6.72497482	8.095756008	5.099263075	6.859187341	5.570949137	5.50468307	11.30922634	9.435053286	8.408433814	7.771998412	10.26966245	9.695428831	9.055075806	9.369826266	9.261726267	11.81637404	8.321710543	11.58334227	9.518397057	6.883479779
wt_fus_dry_3_b	wt_fus_dry_3_b	reported	wt	fus	dry	3	b	1	SRR10175937	https://ftp.sra.ebi.ac.uk/vol1/fastq/SRR101/037/SRR10175937/SRR10175937.fastq.gz	0fc83f4376b90f4468d48f84174b3d1e	5888294	240341825	SAMN12832890	SRX6897432	47	7.859259259	7.5	184	73	1.12		0.24	2	10.52		0.67		6.564899461	7.440490024	5.187131287	6.463473786	5.626900052	5.289103869	11.20087396	9.357269655	8.201583853	7.760166369	9.387055364	8.697118738	9.382772448	8.679684665	9.26610245	11.38335724	8.114435486	11.62192519	10.719775	7.752644036
wt_fus_dry_3_c	wt_fus_dry_3_c	reported	wt	fus	dry	3	c	1	SRR10175936	https://ftp.sra.ebi.ac.uk/vol1/fastq/SRR101/036/SRR10175936/SRR10175936.fastq.gz	bd00bf6891cbcba0bdecaa9df9f7cb83	5699670	234452313	SAMN12832891	SRX6897433	36	8.257142857	7.5	199	84	5.76		2.54	21.87	4.7	11.9	3.84		6.708928568	7.840069382	5.223289038	6.564335297	5.722016251	5.608854427	11.01171028	9.068506311	8.326045038	7.725552442	9.826659521	8.994548643	9.190170593	8.725618048	9.306250005	11.89757011	8.211936381	11.41156083	10.09500981	7.793023995
wt_fus_dry_3_d	wt_fus_dry_3_d	reported	wt	fus	dry	3	d	1	SRR10175935	https://ftp.sra.ebi.ac.uk/vol1/fastq/SRR101/035/SRR10175935/SRR10175935.fastq.gz	e415a9c349e7ad519c7be9233e0c0989	4987621	207027648	SAMN12832892	SRX6897434	43	11.06666667	6.1	189	82	6.23		0.56	3.48	3.29	13.97	9.33	1.01	6.726071808	7.760665406	5.16033609	6.524703116	5.814976965	5.414602605	11.02768886	9.148084837	8.419724455	8.013002734	9.7740847	8.277463038	9.455645708	8.400707951	9.498462749	11.70477286	7.839799386	11.21019035	10.40261723	8.382695001
wt_fus_wet_3_a	wt_fus_wet_3_a	reported	wt	fus	wet	3	a	1	SRR10175927	https://ftp.sra.ebi.ac.uk/vol1/fastq/SRR101/027/SRR10175927/SRR10175927.fastq.gz	9c49549f73dd610aee83f2d8022c10ac	5471446	222150476	SAMN12832899	SRX6897442	47	23.60909091	7.4	184	67	33.76	1.29		1.81	22.21		6.29		7.068992752	8.302274105	5.397923691	6.99931775	6.015005111	5.567474542	11.36038813	9.486970391	8.917522366	8.149181375	11.94428501	10.30390845	9.239971467	9.720056969	9.463622654	12.04194978	8.293396777	12.24974449	10.39202119	7.631938724
wt_fus_wet_3_b	wt_fus_wet_3_b	reported	wt	fus	wet	3	b	1	SRR10175926	https://ftp.sra.ebi.ac.uk/vol1/fastq/SRR101/026/SRR10175926/SRR10175926.fastq.gz	1316a225cecd85869f2c7a948b447a6c	4576024	190002672	SAMN12832900	SRX6897443	37	26.915	8	183	44	13.91	0.86	1.03	11.3	4.21		25.74	2.56	6.922067029	7.834331103	5.491723028	6.369460204	5.909261476	5.254721211	10.83171398	9.410188187	8.667149975	8.16816535	12.34560898	10.89771203	9.160595416	10.13390585	9.844132286	12.35960149	8.814916778	12.14046228	11.08150656	8.63480435
wt_fus_wet_3_c	wt_fus_wet_3_c	reported	wt	fus	wet	3	c	1	SRR10175925	https://ftp.sra.ebi.ac.uk/vol1/fastq/SRR101/025/SRR10175925/SRR10175925.fastq.gz	df3f280e9bdea71c53502aa7221207df	5126416	210018229	SAMN12832901	SRX6897444	23	22.04814815	7.9	176	65	7.18	0.75		5.61	7.14		4.55	0.97	6.56391098	7.989525834	5.243633691	6.575116581	5.809966266	5.866706609	11.22336621	9.336350486	8.59832546	8.572989567	10.9612159	10.57442224	9.414992587	9.950048845	9.547162291	11.49458296	9.195204691	12.32881907	10.47213438	7.19299712
wt_fus_wet_3_d	wt_fus_wet_3_d	reported	wt	fus	wet	3	d	1	SRR10175924	https://ftp.sra.ebi.ac.uk/vol1/fastq/SRR101/024/SRR10175924/SRR10175924.fastq.gz	38a65ccc0bd19fa006df633d34a89871	4458634	180474795	SAMN12832902	SRX6897445	41	22.98095238	7.3	174	65	21	0.72	1.21	13.04	3.5	16.03	8.64	1.61	6.641122166	7.881981443	5.056179641	6.779996937	5.676079306	5.651462889	11.16972767	9.010511858	8.22973627	7.576830098	10.78551708	9.463417939	8.956625524	9.199250578	9.426976375	12.1284365	8.258265416	11.84418224	10.15606678	7.409936064
bmr12_macro_dry_3_a	bmr12_macro_dry_3_a	reported	bmr12	macro	dry	3	a	1	SRR10176007	https://ftp.sra.ebi.ac.uk/vol1/fastq/SRR101/007/SRR10176007/SRR10176007.fastq.gz	633d23643e69f77b53f427140394e3d3	4226957	175472934	SAMN12832827	SRX6897362	21	8.818181818	6.9	187	45																												
bmr12_macro_dry_3_b	bmr12_macro_dry_3_b	reported	bmr12	macro	dry	3	b	1	SRR10176005	https://ftp.sra.ebi.ac.uk/vol1/fastq/SRR101/005/SRR10176005/SRR10176005.fastq.gz	e25deed249e7ab2ac898c7624fc8117a	4311915	173789226	SAMN12832828	SRX6897364	62	10.32307692	6.9	185	70																												
bmr12_macro_dry_3_c	bmr12_macro_dry_3_c	reported	bmr12	macro	dry	3	c	1	SRR10176004	https://ftp.sra.ebi.ac.uk/vol1/fastq/SRR101/004/SRR10176004/SRR10176004.fastq.gz	7a8d118b65f86aec78801b4f9b50bc9d	5791500	239912728	SAMN12832829	SRX6897365	15	8.6	8	183	65																												
bmr12_macro_dry_3_d	bmr12_macro_dry_3_d	reported	bmr12	macro	dry	3	d	1	SRR10176003	https://ftp.sra.ebi.ac.uk/vol1/fastq/SRR101/003/SRR10176003/SRR10176003.fastq.gz	e13e06077b92ddbc6d221b8a1242d49d	5886970	234892620	SAMN12832830	SRX6897366	68	13.8	7.9	181	76																												
bmr12_macro_wet_3_a	bmr12_macro_wet_3_a	reported	bmr12	macro	wet	3	a	1	SRR10176002	https://ftp.sra.ebi.ac.uk/vol1/fastq/SRR101/002/SRR10176002/SRR10176002.fastq.gz	85f0d5ff588884bcb978b2924d34dbe8	5375984	217871969	SAMN12832831	SRX6897367	22	27.29	4.7	182	80																												
bmr12_macro_wet_3_b	bmr12_macro_wet_3_b	reported	bmr12	macro	wet	3	b	1	SRR10176001	https://ftp.sra.ebi.ac.uk/vol1/fastq/SRR101/001/SRR10176001/SRR10176001.fastq.gz	8e94d2df01b65079acedb05b7766c368	4766480	193152547	SAMN12832832	SRX6897368	23	23.59259259	4.5	185	100																												
bmr12_macro_wet_3_c	bmr12_macro_wet_3_c	reported	bmr12	macro	wet	3	c	1	SRR10176000	https://ftp.sra.ebi.ac.uk/vol1/fastq/SRR101/000/SRR10176000/SRR10176000.fastq.gz	7c2061e312f62a758f5a1165c3b28648	4974220	201195483	SAMN12832833	SRX6897369	18	25.10416667	6.5	187	90																												
bmr12_macro_wet_3_d	bmr12_macro_wet_3_d	reported	bmr12	macro	wet	3	d	1	SRR10175999	https://ftp.sra.ebi.ac.uk/vol1/fastq/SRR101/099/SRR10175999/SRR10175999.fastq.gz	d8dbbedc518b81275b082fbf189cd4da	6414341	256377594	SAMN12832834	SRX6897370	30	29.5	6.5	183	89																												
bmr6_macro_dry_3_a	bmr6_macro_dry_3_a	reported	bmr6	macro	dry	3	a	1	SRR10175966	https://ftp.sra.ebi.ac.uk/vol1/fastq/SRR101/066/SRR10175966/SRR10175966.fastq.gz	667fdcff74d8ee19964a5ed430193ddb	4290776	174024971	SAMN12832864	SRX6897403	16	9.495454545	6.9	182	43																												
bmr6_macro_dry_3_b	bmr6_macro_dry_3_b	reported	bmr6	macro	dry	3	b	1	SRR10175965	https://ftp.sra.ebi.ac.uk/vol1/fastq/SRR101/065/SRR10175965/SRR10175965.fastq.gz	97a08d44dd4b8e3d2b7d3de52c199c8b	5600346	228973483	SAMN12832865	SRX6897404	25	10.82307692	7.5	190	66																												
bmr6_macro_dry_3_c	bmr6_macro_dry_3_c	reported	bmr6	macro	dry	3	c	1	SRR10175964	https://ftp.sra.ebi.ac.uk/vol1/fastq/SRR101/064/SRR10175964/SRR10175964.fastq.gz	210b85169fe80fcefaa6b09e49e71c8b	6347485	256931603	SAMN12832866	SRX6897405	26	8.395	6.4	180	95																												
bmr6_macro_dry_3_d	bmr6_macro_dry_3_d	reported	bmr6	macro	dry	3	d	1	SRR10175963	https://ftp.sra.ebi.ac.uk/vol1/fastq/SRR101/063/SRR10175963/SRR10175963.fastq.gz	b103a17313e06ec313d049db2d3fa374	4852381	199361671	SAMN12832867	SRX6897406	18	13.33571429	7.7	201	109																												
bmr6_macro_wet_3_a	bmr6_macro_wet_3_a	reported	bmr6	macro	wet	3	a	1	SRR10175961	https://ftp.sra.ebi.ac.uk/vol1/fastq/SRR101/061/SRR10175961/SRR10175961.fastq.gz	0fd0edbd55346bf8e2b1e2035581613b	3959200	160280742	SAMN12832868	SRX6897408	56	22.40454545	7.1	185	80																												
bmr6_macro_wet_3_b	bmr6_macro_wet_3_b	reported	bmr6	macro	wet	3	b	1	SRR10175960	https://ftp.sra.ebi.ac.uk/vol1/fastq/SRR101/060/SRR10175960/SRR10175960.fastq.gz	5887f7c5591adcee60299633a3c082ff	5720599	230585964	SAMN12832869	SRX6897409	32	23.62941176	8	180	77																												
bmr6_macro_wet_3_c	bmr6_macro_wet_3_c	reported	bmr6	macro	wet	3	c	1	SRR10175959	https://ftp.sra.ebi.ac.uk/vol1/fastq/SRR101/059/SRR10175959/SRR10175959.fastq.gz	e780e581a62d47a90e242b153d59e8c6	5530608	225067851	SAMN12832870	SRX6897410	45	25.90714286	7.6	185	88																												
bmr6_macro_wet_3_d	bmr6_macro_wet_3_d	reported	bmr6	macro	wet	3	d	1	SRR10175958	https://ftp.sra.ebi.ac.uk/vol1/fastq/SRR101/058/SRR10175958/SRR10175958.fastq.gz	f4ab4d651f997b153c8a04f39e6f54b1	5738398	231439709	SAMN12832871	SRX6897411	30	29	8.5	175	77																												
wt_macro_dry_3_a	wt_macro_dry_3_a	reported	wt	macro	dry	3	a	1	SRR10175923	https://ftp.sra.ebi.ac.uk/vol1/fastq/SRR101/023/SRR10175923/SRR10175923.fastq.gz	293a6065fa55cc3e00643086ccbc0df0	5346378	218617915	SAMN12832903	SRX6897446	36	12.25384615	7.8	197	52																												
wt_macro_dry_3_b	wt_macro_dry_3_b	reported	wt	macro	dry	3	b	1	SRR10175922	https://ftp.sra.ebi.ac.uk/vol1/fastq/SRR101/022/SRR10175922/SRR10175922.fastq.gz	4308268755534f0275ead17be97b5ea8	5120128	208103253	SAMN12832904	SRX6897447	27	10.88888889	6	178	75																												
wt_macro_dry_3_c	wt_macro_dry_3_c	reported	wt	macro	dry	3	c	1	SRR10175921	https://ftp.sra.ebi.ac.uk/vol1/fastq/SRR101/021/SRR10175921/SRR10175921.fastq.gz	8d845e92858d9e35c0a2d12f6d3cc459	4708806	192585470	SAMN12832905	SRX6897448	34	12.12857143	7.5	213	56																												
wt_macro_dry_3_d	wt_macro_dry_3_d	reported	wt	macro	dry	3	d	1	SRR10175920	https://ftp.sra.ebi.ac.uk/vol1/fastq/SRR101/020/SRR10175920/SRR10175920.fastq.gz	7dbcd9cec35962bdb288627727e5d2fc	5653756	229516390	SAMN12832906	SRX6897449	40	3		182	85																												
wt_macro_wet_3_a	wt_macro_wet_3_a	reported	wt	macro	wet	3	a	1	SRR10175919	https://ftp.sra.ebi.ac.uk/vol1/fastq/SRR101/019/SRR10175919/SRR10175919.fastq.gz	63333f7ff4a4391af558f5cd6d935b9a	4307864	175727951	SAMN12832907	SRX6897450	27	25.26363636	6	187	72																												
wt_macro_wet_3_b	wt_macro_wet_3_b	reported	wt	macro	wet	3	b	1	SRR10176044	https://ftp.sra.ebi.ac.uk/vol1/fastq/SRR101/044/SRR10176044/SRR10176044.fastq.gz	21dc88322ca3cf4b75e07f04a7625161	5173881	210238810	SAMN12832908	SRX6897325	34	23.87647059	7.7	194	86																												
wt_macro_wet_3_c	wt_macro_wet_3_c	reported	wt	macro	wet	3	c	1	SRR10176043	https://ftp.sra.ebi.ac.uk/vol1/fastq/SRR101/043/SRR10176043/SRR10176043.fastq.gz	c91840bccff422e7ccf325e1f343ffee	4988935	205396155	SAMN12832909	SRX6897326	43	28.925	4.7	181	72																												
wt_macro_wet_3_d	wt_macro_wet_3_d	reported	wt	macro	wet	3	d	1	SRR10176042	https://ftp.sra.ebi.ac.uk/vol1/fastq/SRR101/042/SRR10176042/SRR10176042.fastq.gz	ed0fef82c2a8985222177d7d5c3c002c	4739617	191603389	SAMN12832910	SRX6897327	30	26.80555556	6.5	187	87																												
bmr12_pdb_dry_3_a	bmr12_pdb_dry_3_a	reported	bmr12	pdb	dry	3	a	1	SRR10175992	https://ftp.sra.ebi.ac.uk/vol1/fastq/SRR101/092/SRR10175992/SRR10175992.fastq.gz	3610666cb4d1120c385b456f687635b6	5018492	205363772	SAMN12832840	SRX6897377	14	12.925	7.2	181	57	4.7		8.08	67.52	8.68	39.2	5.76		6.857448744	7.81548989	5.297343325	6.24297969	5.72041666	5.010089924	10.76559096	9.536338407	8.897513498	8.270901938	9.807802774	8.951789389	9.094873312	8.413590466	9.099885816	11.25912435	7.3296277	11.35754019	10.56660867	8.674250773
bmr12_pdb_dry_3_b	bmr12_pdb_dry_3_b	reported	bmr12	pdb	dry	3	b	1	SRR10175991	https://ftp.sra.ebi.ac.uk/vol1/fastq/SRR101/091/SRR10175991/SRR10175991.fastq.gz	9b0174c1d98ae3dfb0c62fe3afac3af7	5516442	225953732	SAMN12832841	SRX6897378	6	5.004166667	6.2	194	90																												
bmr12_pdb_dry_3_c	bmr12_pdb_dry_3_c	reported	bmr12	pdb	dry	3	c	1	SRR10175990	https://ftp.sra.ebi.ac.uk/vol1/fastq/SRR101/090/SRR10175990/SRR10175990.fastq.gz	7fb96e1e312d5ae190b26fb6aa1a8d29	4671892	188962432	SAMN12832842	SRX6897379	6	12.82777778	6.7	179	69	11.02		0.61	10.19	14.9	35.35	11.96	1.18	7.248523823	8.050092101	5.623599452	5.851462243	6.143855088	5.302639474	9.915785338	9.148434566	9.142185693	7.915030477	9.983167492	8.993059694	9.448767252	8.494165776	9.536777362	11.86519428	8.01423072	11.38643153	10.21539366	8.626830966
bmr12_pdb_dry_3_d	bmr12_pdb_dry_3_d	reported	bmr12	pdb	dry	3	d	1	SRR10175989	https://ftp.sra.ebi.ac.uk/vol1/fastq/SRR101/089/SRR10175989/SRR10175989.fastq.gz	f6205e8116576bfa638311c01a089c79	5123337	207724966	SAMN12832843	SRX6897380	41	2.2	7.4	194	55																												
bmr12_pdb_wet_3_a	bmr12_pdb_wet_3_a	reported	bmr12	pdb	wet	3	a	1	SRR10175981	https://ftp.sra.ebi.ac.uk/vol1/fastq/SRR101/081/SRR10175981/SRR10175981.fastq.gz	0ea10f10be62cbb085771af8836a5036	3866085	156592017	SAMN12832850	SRX6897388	38	25.22272727	8	169	56	10.78		0.44	6.71	5.55	10.08	7.1		6.659008661	7.565803158	5.31100912	5.449545838	5.707716912	4.871308238	10.52465665	9.50032652	8.340092198	8.287416199	9.53923157	8.577426415	9.163756333	8.083467912	9.252928215	11.09956021	7.247295797	11.54433154	10.22063105	8.404893139
bmr12_pdb_wet_3_b	bmr12_pdb_wet_3_b	reported	bmr12	pdb	wet	3	b	1	SRR10175980	https://ftp.sra.ebi.ac.uk/vol1/fastq/SRR101/080/SRR10175980/SRR10175980.fastq.gz	f26aac91fe0a2bf489865aec09f8be2e	5413108	223001194	SAMN12832851	SRX6897389	2	23.8	6.4	200	66																												
bmr12_pdb_wet_3_c	bmr12_pdb_wet_3_c	reported	bmr12	pdb	wet	3	c	1	SRR10175979	https://ftp.sra.ebi.ac.uk/vol1/fastq/SRR101/079/SRR10175979/SRR10175979.fastq.gz	8950fb8e752484e0b741a7c12c1a6fce	4795905	194662630	SAMN12832852	SRX6897390	7	22.54615385	7.6	186	67	10.32		0.48	11.38	6.25	16.34	8.46		6.6574254	7.515180191	5.254924709	5.112189182	5.882160138	4.911888272	10.19710152	9.350552362	8.145806094	7.909664102	9.002826053	8.602949319	9.094098953	7.606726681	9.452402393	10.85920722	7.299892373	11.13769904	10.22249004	8.981656766
bmr12_pdb_wet_3_d	bmr12_pdb_wet_3_d	reported	bmr12	pdb	wet	3	d	1	SRR10175978	https://ftp.sra.ebi.ac.uk/vol1/fastq/SRR101/078/SRR10175978/SRR10175978.fastq.gz	8b355b2ec5d02261b432041a3d2cd958	4560262	187505281	SAMN12832853	SRX6897391	5	31.9	7.6	170	71	8.63		0.22	7.2	3.13	11.52	6.36		6.691398045	7.414616551	5.125676114	5.048427787	5.666631875	4.922443795	10.44190007	9.376369981	8.292448414	8.227878643	9.425568475	9.033047814	9.311415451	8.069679316	9.642938702	11.33205029	7.504143554	11.83636361	10.57386904	8.374159863
bmr12_pdb_wet_3_e	bmr12_pdb_wet_3_e	reported	bmr12	pdb	wet	3	e	2	SRR10175977	https://ftp.sra.ebi.ac.uk/vol1/fastq/SRR101/077/SRR10175977/SRR10175977.fastq.gz	153474c70f8f8b50aeee0dc8ca4a1507	6681371	271621586	SAMN12832854	SRX6897392	2	26.60714286	6.4	135	64	7.23		2.86	38.18	13.07	21.8	7.59		7.193111492	8.097251851	5.664240012	5.708071713	6.05113966	5.301614591	10.1775247	9.142634106	8.402484499	8.265664556	9.567476544	9.085587948	9.26694995	8.10063908	9.747381581	10.86920169	7.649322008	11.7163216	10.42756292	8.369530598
bmr12_pdb_wet_3_f	bmr12_pdb_wet_3_f	reported	bmr12	pdb	wet	3	f	2	SRR10175976	https://ftp.sra.ebi.ac.uk/vol1/fastq/SRR101/076/SRR10175976/SRR10175976.fastq.gz	fbae4dbb9384a0cdd169e522966eb6ca	6326762	256070018	SAMN12832855	SRX6897393	0.2	24.1	7.3	135	67	17.37			2.54	30.38	17.65	40.51	3.39	6.656401926	7.543326735	5.29853302	5.295855692	5.773400456	4.574570676	10.56549678	9.798379509	8.015566619	8.78993249	10.46553098	8.618835404	9.481186178	8.100497445	9.523358128	12.03887282	7.001640012	11.35758286	10.5047166	6.448574759
bmr6_pdb_dry_3_a	bmr6_pdb_dry_3_a	reported	bmr6	pdb	dry	3	a	1	SRR10175957	https://ftp.sra.ebi.ac.uk/vol1/fastq/SRR101/057/SRR10175957/SRR10175957.fastq.gz	93e194b3af02e33afee2247473fc8e62	4059240	165007378	SAMN12832872	SRX6897412	4	9.468181818	7.4	189	84																												
bmr6_pdb_dry_3_b	bmr6_pdb_dry_3_b	reported	bmr6	pdb	dry	3	b	1	SRR10175956	https://ftp.sra.ebi.ac.uk/vol1/fastq/SRR101/056/SRR10175956/SRR10175956.fastq.gz	d5b6b2083632312a826531a0dc7f0828	5539322	221285947	SAMN12832873	SRX6897413	3	12.25384615	7.1	185	30																												
bmr6_pdb_dry_3_c	bmr6_pdb_dry_3_c	reported	bmr6	pdb	dry	3	c	1	SRR10175955	https://ftp.sra.ebi.ac.uk/vol1/fastq/SRR101/055/SRR10175955/SRR10175955.fastq.gz	bfddc5a21991d75380e07e88e1c26bb0	5602165	234695179	SAMN12832874	SRX6897414	3	8.99047619	4.8	195	84																												
bmr6_pdb_dry_3_d	bmr6_pdb_dry_3_d	reported	bmr6	pdb	dry	3	d	1	SRR10175954	https://ftp.sra.ebi.ac.uk/vol1/fastq/SRR101/054/SRR10175954/SRR10175954.fastq.gz	a35c0ce378938cb3cd15881355271c22	5661934	226197997	SAMN12832875	SRX6897415	3	6.75	5.9	145	46																												
bmr6_pdb_dry_3_e	bmr6_pdb_dry_3_e	reported	bmr6	pdb	dry	3	e	2	SRR10175953	https://ftp.sra.ebi.ac.uk/vol1/fastq/SRR101/053/SRR10175953/SRR10175953.fastq.gz	b311f80742e10d942d22f7c43904b938	6449110	261619007	SAMN12832876	SRX6897416	2	9.49	7.5	139	63																												
bmr6_pdb_dry_3_f	bmr6_pdb_dry_3_f	reported	bmr6	pdb	dry	3	f	2	SRR10175952	https://ftp.sra.ebi.ac.uk/vol1/fastq/SRR101/052/SRR10175952/SRR10175952.fastq.gz	77f81c07de740ec104ccfe354b7a64e6	5681051	235497153	SAMN12832877	SRX6897417	4	7.6	7.9	139	73																												
bmr6_pdb_wet_3_d	bmr6_pdb_wet_3_d	reported	bmr6	pdb	wet	3	d	1	SRR10175950	https://ftp.sra.ebi.ac.uk/vol1/fastq/SRR101/050/SRR10175950/SRR10175950.fastq.gz	5d195466b45aa52e88eb26ae8267915e	6677903	269662304	SAMN12832878	SRX6897419	19	29	8.7	181	90																												
bmr6_pdb_wet_3_e	bmr6_pdb_wet_3_e	reported	bmr6	pdb	wet	3	e	2	SRR10175949	https://ftp.sra.ebi.ac.uk/vol1/fastq/SRR101/049/SRR10175949/SRR10175949.fastq.gz	66af6038e08052294b47e2656e894e47	6838799	283398957	SAMN12832879	SRX6897420	2	25.95	7.3	139	68																												
wt_pdb_dry_3_a	wt_pdb_dry_3_a	reported	wt	pdb	dry	3	a	1	SRR10176036	https://ftp.sra.ebi.ac.uk/vol1/fastq/SRR101/036/SRR10176036/SRR10176036.fastq.gz	8edf7d6b8db3d95deecd573c27421066	4732493	193589885	SAMN12832916	SRX6897333	4	10.32307692	7.7	191	88	11.23	0.75		5.48	5.04		5.89	1.29	6.697444426	8.047664864	5.280788296	6.843090466	5.746146816	5.683597345	11.40018277	9.269974032	8.48651923	7.930596368	10.4985474	9.229782305	9.279694783	9.25052099	9.490058876	12.12519839	8.315848014	11.81805296	9.815730715	8.228341996
wt_pdb_dry_3_b	wt_pdb_dry_3_b	reported	wt	pdb	dry	3	b	1	SRR10176035	https://ftp.sra.ebi.ac.uk/vol1/fastq/SRR101/035/SRR10176035/SRR10176035.fastq.gz	c06d56ba3d4105d2cb6dae2ff1036cb6	4979386	206775637	SAMN12832917	SRX6897334	4	9.655	7.7	184	72																												
wt_pdb_dry_3_c	wt_pdb_dry_3_c	reported	wt	pdb	dry	3	c	1	SRR10176033	https://ftp.sra.ebi.ac.uk/vol1/fastq/SRR101/033/SRR10176033/SRR10176033.fastq.gz	02b26ba70d7d853d92c1eef5479cd16d	4654523	184248790	SAMN12832918	SRX6897336	4	10.5	7	177	81																												
wt_pdb_dry_3_d	wt_pdb_dry_3_d	reported	wt	pdb	dry	3	d	1	SRR10176032	https://ftp.sra.ebi.ac.uk/vol1/fastq/SRR101/032/SRR10176032/SRR10176032.fastq.gz	cabb45cbf71128d806fe0b2f699cb50f	5299444	214206435	SAMN12832919	SRX6897337	5	13.26153846	7.7	198	95	9.28		0.6	6.27	17.16		5.91	0.98	6.705747272	7.465163804	5.073535619	6.592421912	5.693877807	4.917901236	10.87361259	9.055715074	8.49756531	8.448800196	9.49886146	9.130716097	9.340324095	8.323737186	9.560489713	11.15524994	7.574265185	11.51468319	9.985542964	7.989660388
wt_pdb_dry_3_e	wt_pdb_dry_3_e	reported	wt	pdb	dry	3	e	2	SRR10176031	https://ftp.sra.ebi.ac.uk/vol1/fastq/SRR101/031/SRR10176031/SRR10176031.fastq.gz	d5855c7c29ea6d4446fd0703e971851c	6049721	247238635	SAMN12832920	SRX6897338	3	12.9	7.7	138	65	3.76			14.88	25.79	8.31	9.31	0.63	6.639992045	7.777756785	5.158324087	6.586048754	5.701296537	5.365091803	11.21925873	9.197109265	8.197737691	8.368971492	9.69944015	8.906819061	9.5549999	8.842550435	9.773328902	10.67720504	7.794803544	12.00415964	10.47479891	7.380861629
wt_pdb_dry_3_f	wt_pdb_dry_3_f	reported	wt	pdb	dry	3	f	2	SRR10176030	https://ftp.sra.ebi.ac.uk/vol1/fastq/SRR101/030/SRR10176030/SRR10176030.fastq.gz	23ef7ce3ba52a123ac788d851211d84c	5906943	243357913	SAMN12832921	SRX6897339	2	8.95	6.6	139	58																												
wt_pdb_dry_3_g	wt_pdb_dry_3_g	reported	wt	pdb	dry	3	g	2	SRR10176029	https://ftp.sra.ebi.ac.uk/vol1/fastq/SRR101/029/SRR10176029/SRR10176029.fastq.gz	2110a83d134002b5d71f5af5ce9dfbe4	6448343	259811470	SAMN12832922	SRX6897340	4	4.2	6.1	137	64	3.27			4.8	344.73		2.41		6.862443991	7.413286787	5.031695814	6.478696514	5.713431785	5.109199307	10.44768452	8.844309545	8.251141351	8.009798557	9.53713338	8.107031225	9.176616705	8.304833363	9.253712297	10.08919134	7.254469612	11.47658876	10.2572974	6.025122781
wt_pdb_wet_3_a	wt_pdb_wet_3_a	reported	wt	pdb	wet	3	a	1	SRR10176021	https://ftp.sra.ebi.ac.uk/vol1/fastq/SRR101/021/SRR10176021/SRR10176021.fastq.gz	d1e574dc1715660d8ed9b22ede178a8f	5028404	207199631	SAMN12832929	SRX6897348	3	26.71	7.8	186	48																												
wt_pdb_wet_3_b	wt_pdb_wet_3_b	reported	wt	pdb	wet	3	b	1	SRR10176020	https://ftp.sra.ebi.ac.uk/vol1/fastq/SRR101/020/SRR10176020/SRR10176020.fastq.gz	7a9f22db4fbabcae7696540be504b021	5583416	227062747	SAMN12832930	SRX6897349	21	25.47727273	6.8	184	75																												
wt_pdb_wet_3_c	wt_pdb_wet_3_c	reported	wt	pdb	wet	3	c	1	SRR10176019	https://ftp.sra.ebi.ac.uk/vol1/fastq/SRR101/019/SRR10176019/SRR10176019.fastq.gz	f21c76538b647316502083180ae0f06a	4862310	196357092	SAMN12832931	SRX6897350	31	25.12142857	7.8	168	82	45.34		0.33	9.33	4.77	8.48	8.64		6.706696986	7.769692846	5.123182124	6.650046245	5.730685124	5.115955997	11.2192834	8.983765337	8.142768124	7.807193063	10.23819192	8.844850153	9.067485606	8.327517355	9.502087241	11.04258921	7.715748066	11.63719939	10.53431505	8.684394556
wt_pdb_wet_3_d	wt_pdb_wet_3_d	reported	wt	pdb	wet	3	d	1	SRR10176018	https://ftp.sra.ebi.ac.uk/vol1/fastq/SRR101/018/SRR10176018/SRR10176018.fastq.gz	a89da249c573907f08e61ad08b61f240	3044214	122137941	SAMN12832932	SRX6897351	7	31.3	7.6	171	78	12.5	0.54	0.22	4.45	4.19		4.39	0.58	6.623321477	7.804904341	5.200058517	6.242422234	5.865075537	5.238436488	11.06139517	9.001876258	7.415186469	7.31138332	9.923299667	8.279799685	9.218575044	8.01298389	9.479401584	11.44587037	7.559776728	11.47533646	9.710940234	6.90927653
wt_pdb_wet_3_e	wt_pdb_wet_3_e	reported	wt	pdb	wet	3	e	2	SRR10176017	https://ftp.sra.ebi.ac.uk/vol1/fastq/SRR101/017/SRR10176017/SRR10176017.fastq.gz	46a17707d2abb189194314c21cf92062	6884831	280922040	SAMN12832933	SRX6897352	2	23.38823529	7.2	141	68																												
wt_pdb_wet_3_f	wt_pdb_wet_3_f	reported	wt	pdb	wet	3	f	2	SRR10176016	https://ftp.sra.ebi.ac.uk/vol1/fastq/SRR101/016/SRR10176016/SRR10176016.fastq.gz	88580a1d2237ef48712746a5c43fa5fd	6349468	263659639	SAMN12832934	SRX6897353	2	22.5	7.1	132	66																												
wt_pdb_wet_3_g	wt_pdb_wet_3_g	reported	wt	pdb	wet	3	g	2	SRR10176015	https://ftp.sra.ebi.ac.uk/vol1/fastq/SRR101/015/SRR10176015/SRR10176015.fastq.gz	cb4ca13f25ae50dc80c41797db938164	6193283	252256703	SAMN12832935	SRX6897354	2	18.2	6.3	118	61																												
wt_pdb_wet_3_h	wt_pdb_wet_3_h	reported	wt	pdb	wet	3	h	2	SRR10176014	https://ftp.sra.ebi.ac.uk/vol1/fastq/SRR101/014/SRR10176014/SRR10176014.fastq.gz	0c9d020980c66dc41e63fdd5cc031475	4543700	183560662	SAMN12832936	SRX6897355	4	27.5	6.1	132	58	18.83	1.05	0.43	7.11	7.12		5.67		6.629526576	8.005759631	5.150149101	6.671452058	5.901907159	5.478980368	11.24444205	9.384350744	8.364107765	7.760378758	10.25554095	9.600445231	9.264002618	9.228539486	9.64877645	11.79121449	8.279531763	12.11736135	10.37695881	7.70436239
